order_date,order_id,region,city,product_category,product,sales_channel,customer_segment,sales_rep,units_sold,unit_price,discount_pct,revenue,profit_margin_pct,profit
2025-01-01,ORD-0349,North,Viana do Castelo,Electronics,Laptop,Partner,Enterprise,Tiago,3,1253.67,0.0,3761.01,0.14,526.54
2025-01-03,ORD-0266,Central,Cascais,Home,Coffee Machine,Retail,Enterprise,Diogo,11,151.08,0.12,1462.45,0.24,350.99
2025-01-03,ORD-0012,North,Viana do Castelo,Fitness,Dumbbells,Online,SMB,Marta,3,110.46,0.08,304.87,0.34,103.66
2025-01-03,ORD-0250,West,Leiria,Home,Coffee Machine,Partner,Enterprise,Tiago,7,159.79,0.12,984.31,0.33,324.82
2025-01-04,ORD-0087,South,Setúbal,Home,Desk Lamp,Retail,SMB,Joao,10,54.1,0.12,476.08,0.14,66.65
2025-01-04,ORD-0270,East,Guarda,Home,Coffee Machine,Partner,SMB,Joao,9,151.62,0.12,1200.83,0.26,312.22
2025-01-04,ORD-0059,West,Coimbra,Electronics,Headphones,Retail,Enterprise,Tiago,12,178.14,0.03,2073.55,0.34,705.01
2025-01-04,ORD-0022,North,Porto,Home,Coffee Machine,Retail,SMB,Diogo,7,151.41,0.0,1059.87,0.12,127.18
2025-01-04,ORD-0190,East,Guarda,Home,Office Chair,Partner,Enterprise,Marta,7,272.29,0.1,1715.43,0.24,411.7
2025-01-05,ORD-0261,North,Porto,Travel,Noise Cancelling Earbuds,Online,SMB,Diogo,12,233.45,0.03,2717.36,0.21,570.65
2025-01-05,ORD-0203,South,Faro,Electronics,Laptop,Partner,Consumer,Tiago,10,1239.03,0.12,10903.46,0.13,1417.45
2025-01-06,ORD-0171,North,Braga,Travel,Backpack,Online,Enterprise,Joao,1,91.68,0.0,91.68,0.3,27.5
2025-01-06,ORD-0198,West,Coimbra,Electronics,Tablet,Partner,Consumer,Ana,7,670.84,0.05,4461.09,0.28,1249.11
2025-01-06,ORD-0292,North,Porto,Travel,Backpack,Online,SMB,Bruno,1,88.17,0.08,81.12,0.4,32.45
2025-01-08,ORD-0155,South,Beja,Travel,Suitcase,Online,Consumer,Diogo,11,136.91,0.05,1430.71,0.4,572.28
2025-01-08,ORD-0290,West,Coimbra,Home,Desk Lamp,Retail,Consumer,Carla,2,51.14,0.0,102.28,0.35,35.8
2025-01-08,ORD-0142,East,Castelo Branco,Fitness,Yoga Mat,Online,Consumer,Ines,8,36.85,0.12,259.42,0.35,90.8
2025-01-09,ORD-0156,Central,Lisbon,Travel,Adapter,Retail,SMB,Bruno,10,25.12,0.03,243.66,0.24,58.48
2025-01-10,ORD-0360,Central,Cascais,Electronics,Laptop,Partner,Enterprise,Ines,9,1143.72,0.1,9264.13,0.32,2964.52
2025-01-10,ORD-0279,Central,Cascais,Travel,Backpack,Retail,Consumer,Marta,12,91.52,0.05,1043.33,0.14,146.07
2025-01-11,ORD-0033,East,Castelo Branco,Home,Desk Lamp,Retail,Enterprise,Marta,10,51.96,0.12,457.25,0.4,182.9
2025-01-12,ORD-0204,West,Coimbra,Home,Office Chair,Online,Consumer,Ines,4,283.41,0.12,997.6,0.29,289.3
2025-01-12,ORD-0222,North,Viana do Castelo,Fitness,Treadmill,Online,SMB,Ana,4,848.76,0.1,3055.54,0.37,1130.55
2025-01-12,ORD-0166,Central,Sintra,Home,Coffee Machine,Partner,Enterprise,Ana,8,161.17,0.12,1134.64,0.31,351.74
2025-01-13,ORD-0307,West,Coimbra,Travel,Backpack,Retail,SMB,Marta,6,93.11,0.1,502.79,0.37,186.03
2025-01-14,ORD-0069,South,Faro,Fitness,Treadmill,Online,Consumer,Marta,10,941.87,0.1,8476.83,0.19,1610.6
2025-01-14,ORD-0312,East,Castelo Branco,Travel,Suitcase,Retail,Enterprise,Tiago,4,129.38,0.0,517.52,0.17,87.98
2025-01-15,ORD-0298,South,Beja,Travel,Adapter,Online,Consumer,Diogo,10,26.22,0.05,249.09,0.33,82.2
2025-01-15,ORD-0300,South,Beja,Home,Desk Lamp,Partner,SMB,Ana,6,52.37,0.1,282.8,0.16,45.25
2025-01-16,ORD-0199,North,Braga,Electronics,Monitor,Retail,Consumer,Carla,11,327.47,0.12,3169.91,0.25,792.48
2025-01-16,ORD-0018,South,Faro,Electronics,Monitor,Online,Enterprise,Diogo,5,319.25,0.12,1404.7,0.28,393.32
2025-01-17,ORD-0149,West,Leiria,Fitness,Yoga Mat,Online,Consumer,Ana,6,35.09,0.05,200.01,0.42,84.0
2025-01-17,ORD-0245,Central,Lisbon,Home,Air Purifier,Retail,Consumer,Tiago,2,215.74,0.05,409.91,0.27,110.68
2025-01-19,ORD-0271,North,Viana do Castelo,Electronics,Laptop,Retail,Consumer,Ana,1,1201.27,0.08,1105.17,0.31,342.6
2025-01-19,ORD-0162,South,Setúbal,Electronics,Headphones,Retail,Enterprise,Joao,3,184.03,0.1,496.88,0.17,84.47
2025-01-19,ORD-0074,North,Porto,Fitness,Dumbbells,Retail,Consumer,Tiago,12,123.83,0.05,1411.66,0.4,564.66
2025-01-19,ORD-0337,West,Leiria,Electronics,Headphones,Partner,SMB,Marta,1,169.56,0.03,164.47,0.18,29.6
2025-01-21,ORD-0015,North,Viana do Castelo,Travel,Suitcase,Partner,Consumer,Carla,11,150.01,0.08,1518.1,0.17,258.08
2025-01-21,ORD-0025,South,Faro,Electronics,Tablet,Retail,Consumer,Diogo,10,602.13,0.1,5419.17,0.14,758.68
2025-01-21,ORD-0224,Central,Cascais,Fitness,Treadmill,Online,SMB,Diogo,2,915.14,0.05,1738.77,0.3,521.63
2025-01-21,ORD-0006,South,Faro,Travel,Adapter,Retail,Enterprise,Joao,3,24.42,0.05,69.6,0.32,22.27
2025-01-21,ORD-0220,North,Porto,Travel,Noise Cancelling Earbuds,Retail,Enterprise,Tiago,1,202.73,0.12,178.4,0.17,30.33
2025-01-23,ORD-0254,West,Leiria,Home,Office Chair,Partner,Enterprise,Joao,12,285.95,0.1,3088.26,0.17,525.0
2025-01-23,ORD-0159,East,Évora,Fitness,Treadmill,Partner,Enterprise,Ines,5,930.5,0.03,4512.93,0.4,1805.17
2025-01-24,ORD-0209,Central,Cascais,Home,Desk Lamp,Retail,SMB,Ana,2,57.68,0.03,111.9,0.3,33.57
2025-01-24,ORD-0258,West,Aveiro,Fitness,Dumbbells,Retail,SMB,Joao,10,127.08,0.0,1270.8,0.37,470.2
2025-01-24,ORD-0259,West,Aveiro,Fitness,Treadmill,Partner,SMB,Diogo,7,899.24,0.03,6105.84,0.22,1343.28
2025-01-24,ORD-0117,Central,Lisbon,Travel,Noise Cancelling Earbuds,Retail,SMB,Carla,6,227.8,0.05,1298.46,0.35,454.46
2025-01-24,ORD-0104,South,Beja,Electronics,Laptop,Retail,Consumer,Carla,10,1117.17,0.03,10836.55,0.35,3792.79
2025-01-25,ORD-0335,West,Leiria,Fitness,Yoga Mat,Partner,SMB,Bruno,4,33.45,0.05,127.11,0.38,48.3
2025-01-25,ORD-0191,South,Faro,Travel,Adapter,Online,Consumer,Ines,7,24.79,0.03,168.32,0.2,33.66
2025-01-26,ORD-0320,North,Viana do Castelo,Electronics,Monitor,Partner,SMB,Marta,5,327.93,0.08,1508.48,0.29,437.46
2025-01-26,ORD-0071,South,Beja,Home,Air Purifier,Partner,Consumer,Carla,4,211.75,0.03,821.59,0.17,139.67
2025-01-26,ORD-0136,Central,Cascais,Electronics,Monitor,Partner,Consumer,Marta,3,303.66,0.03,883.65,0.33,291.6
2025-01-26,ORD-0350,East,Évora,Home,Coffee Machine,Retail,SMB,Tiago,1,168.02,0.0,168.02,0.38,63.85
2025-01-27,ORD-0265,North,Braga,Fitness,Dumbbells,Online,SMB,Carla,11,113.14,0.12,1095.2,0.28,306.66
2025-01-27,ORD-0228,South,Faro,Home,Coffee Machine,Retail,Enterprise,Marta,2,149.49,0.0,298.98,0.29,86.7
2025-01-28,ORD-0287,South,Faro,Home,Coffee Machine,Retail,SMB,Marta,2,156.37,0.1,281.47,0.35,98.51
2025-01-28,ORD-0238,South,Beja,Fitness,Yoga Mat,Partner,Enterprise,Ana,10,35.99,0.12,316.71,0.24,76.01
2025-01-29,ORD-0145,West,Aveiro,Electronics,Tablet,Partner,Consumer,Ines,7,661.94,0.0,4633.58,0.19,880.38
2025-01-31,ORD-0275,North,Viana do Castelo,Home,Desk Lamp,Online,SMB,Joao,9,57.49,0.1,465.67,0.34,158.33
2025-02-02,ORD-0107,West,Aveiro,Electronics,Laptop,Retail,SMB,Joao,9,1124.94,0.1,9112.01,0.27,2460.24
2025-02-02,ORD-0067,East,Castelo Branco,Electronics,Monitor,Partner,Consumer,Tiago,2,323.79,0.0,647.58,0.26,168.37
2025-02-03,ORD-0113,Central,Lisbon,Fitness,Treadmill,Retail,SMB,Marta,12,967.45,0.0,11609.4,0.3,3482.82
2025-02-03,ORD-0096,North,Braga,Fitness,Smart Watch,Online,Consumer,Carla,9,261.28,0.05,2233.94,0.39,871.24
2025-02-03,ORD-0163,West,Aveiro,Electronics,Laptop,Partner,Consumer,Ines,3,1165.95,0.03,3392.91,0.33,1119.66
2025-02-03,ORD-0355,West,Coimbra,Electronics,Headphones,Retail,Consumer,Bruno,5,174.65,0.12,768.46,0.33,253.59
2025-02-04,ORD-0189,Central,Sintra,Fitness,Yoga Mat,Online,SMB,Carla,12,35.83,0.08,395.56,0.34,134.49
2025-02-05,ORD-0121,East,Guarda,Fitness,Treadmill,Online,SMB,Marta,3,882.75,0.03,2568.8,0.33,847.7
2025-02-05,ORD-0255,South,Faro,Electronics,Monitor,Partner,SMB,Carla,6,309.38,0.12,1633.53,0.29,473.72
2025-02-05,ORD-0347,West,Leiria,Electronics,Monitor,Online,Consumer,Tiago,4,304.63,0.1,1096.67,0.2,219.33
2025-02-05,ORD-0215,Central,Sintra,Home,Desk Lamp,Partner,Consumer,Bruno,11,57.33,0.0,630.63,0.24,151.35
2025-02-05,ORD-0021,West,Leiria,Fitness,Smart Watch,Online,Consumer,Tiago,9,241.3,0.0,2171.7,0.42,912.11
2025-02-05,ORD-0333,North,Viana do Castelo,Travel,Adapter,Retail,SMB,Marta,7,23.14,0.12,142.54,0.33,47.04
2025-02-06,ORD-0241,East,Guarda,Fitness,Smart Watch,Online,Enterprise,Tiago,6,243.26,0.08,1342.8,0.34,456.55
2025-02-07,ORD-0045,North,Porto,Travel,Backpack,Online,Enterprise,Tiago,1,91.19,0.1,82.07,0.37,30.37
2025-02-09,ORD-0194,West,Aveiro,Fitness,Smart Watch,Partner,Enterprise,Tiago,9,273.55,0.12,2166.52,0.35,758.28
2025-02-10,ORD-0354,North,Braga,Travel,Noise Cancelling Earbuds,Online,Enterprise,Marta,6,203.41,0.1,1098.41,0.33,362.48
2025-02-10,ORD-0011,West,Aveiro,Electronics,Headphones,Retail,Enterprise,Tiago,9,193.57,0.05,1655.02,0.38,628.91
2025-02-11,ORD-0034,South,Setúbal,Electronics,Tablet,Partner,SMB,Marta,11,682.32,0.12,6604.86,0.2,1320.97
2025-02-12,ORD-0052,West,Leiria,Electronics,Headphones,Partner,Enterprise,Ana,2,177.94,0.12,313.17,0.38,119.0
2025-02-12,ORD-0276,East,Castelo Branco,Fitness,Treadmill,Online,SMB,Marta,5,837.2,0.1,3767.4,0.33,1243.24
2025-02-12,ORD-0097,East,Guarda,Fitness,Dumbbells,Online,SMB,Bruno,3,126.91,0.03,369.31,0.34,125.57
2025-02-13,ORD-0352,East,Guarda,Travel,Adapter,Partner,Consumer,Joao,6,23.46,0.03,136.54,0.24,32.77
2025-02-13,ORD-0309,West,Leiria,Electronics,Laptop,Retail,Enterprise,Tiago,12,1186.81,0.0,14241.72,0.32,4557.35
2025-02-14,ORD-0249,Central,Lisbon,Travel,Adapter,Online,Consumer,Joao,8,23.21,0.1,167.11,0.23,38.44
2025-02-14,ORD-0106,North,Viana do Castelo,Electronics,Tablet,Online,SMB,Diogo,10,599.64,0.05,5696.58,0.2,1139.32
2025-02-14,ORD-0041,Central,Cascais,Fitness,Smart Watch,Partner,Consumer,Ines,5,257.08,0.03,1246.84,0.29,361.58
2025-02-15,ORD-0301,East,Castelo Branco,Electronics,Tablet,Partner,Enterprise,Carla,2,687.51,0.1,1237.52,0.41,507.38
2025-02-15,ORD-0304,North,Viana do Castelo,Travel,Suitcase,Online,Enterprise,Joao,10,143.13,0.03,1388.36,0.15,208.25
2025-02-15,ORD-0127,West,Coimbra,Travel,Adapter,Partner,SMB,Carla,8,24.88,0.0,199.04,0.31,61.7
2025-02-16,ORD-0077,Central,Sintra,Travel,Suitcase,Retail,SMB,Marta,6,143.81,0.05,819.72,0.38,311.49
2025-02-16,ORD-0053,North,Braga,Travel,Adapter,Online,SMB,Joao,6,24.11,0.08,133.09,0.41,54.57
2025-02-17,ORD-0314,East,Guarda,Fitness,Yoga Mat,Retail,Consumer,Ines,8,33.68,0.08,247.88,0.37,91.72
2025-02-18,ORD-0324,West,Leiria,Travel,Noise Cancelling Earbuds,Partner,SMB,Ana,9,204.71,0.03,1787.12,0.33,589.75
2025-02-20,ORD-0232,West,Leiria,Home,Air Purifier,Online,SMB,Joao,10,220.22,0.08,2026.02,0.22,445.72
2025-02-20,ORD-0326,East,Guarda,Travel,Noise Cancelling Earbuds,Partner,Consumer,Ana,4,219.61,0.05,834.52,0.25,208.63
2025-02-21,ORD-0295,Central,Lisbon,Electronics,Headphones,Partner,SMB,Tiago,9,175.51,0.08,1453.22,0.29,421.43
2025-02-22,ORD-0080,East,Évora,Home,Air Purifier,Retail,Enterprise,Tiago,2,225.9,0.0,451.8,0.3,135.54
2025-02-22,ORD-0273,South,Beja,Fitness,Smart Watch,Partner,Enterprise,Bruno,5,257.4,0.12,1132.56,0.41,464.35
2025-02-23,ORD-0030,East,Castelo Branco,Fitness,Smart Watch,Retail,Consumer,Bruno,11,273.7,0.08,2769.84,0.13,360.08
2025-02-23,ORD-0105,Central,Lisbon,Home,Air Purifier,Online,Enterprise,Ana,5,226.38,0.03,1097.94,0.28,307.42
2025-02-25,ORD-0056,West,Aveiro,Fitness,Dumbbells,Online,Enterprise,Bruno,3,112.48,0.05,320.57,0.13,41.67
2025-02-26,ORD-0141,West,Coimbra,Electronics,Headphones,Online,SMB,Joao,4,194.24,0.08,714.8,0.23,164.4
2025-02-26,ORD-0291,South,Faro,Travel,Adapter,Partner,Enterprise,Bruno,10,24.04,0.1,216.36,0.36,77.89
2025-02-26,ORD-0051,West,Leiria,Fitness,Smart Watch,Retail,Consumer,Marta,6,267.45,0.12,1412.14,0.24,338.91
2025-02-27,ORD-0036,North,Viana do Castelo,Home,Coffee Machine,Retail,SMB,Bruno,5,163.62,0.05,777.19,0.24,186.53
2025-02-28,ORD-0202,South,Setúbal,Fitness,Yoga Mat,Retail,Consumer,Bruno,1,34.55,0.12,30.4,0.35,10.64
2025-02-28,ORD-0089,North,Braga,Electronics,Laptop,Retail,Consumer,Ines,1,1166.28,0.0,1166.28,0.14,163.28
2025-02-28,ORD-0076,Central,Cascais,Electronics,Monitor,Partner,Consumer,Carla,8,327.76,0.1,2359.87,0.39,920.35
2025-03-01,ORD-0263,West,Aveiro,Electronics,Laptop,Online,Consumer,Tiago,2,1217.99,0.03,2362.9,0.28,661.61
2025-03-01,ORD-0065,North,Viana do Castelo,Home,Air Purifier,Online,Enterprise,Carla,4,218.02,0.03,845.92,0.2,169.18
2025-03-02,ORD-0103,East,Castelo Branco,Fitness,Dumbbells,Online,SMB,Ines,4,128.62,0.0,514.48,0.37,190.36
2025-03-02,ORD-0322,North,Viana do Castelo,Travel,Adapter,Retail,Consumer,Joao,5,24.12,0.05,114.57,0.27,30.93
2025-03-03,ORD-0274,North,Porto,Electronics,Headphones,Online,SMB,Ana,5,186.96,0.12,822.62,0.34,279.69
2025-03-03,ORD-0169,West,Leiria,Fitness,Smart Watch,Online,Consumer,Bruno,1,278.53,0.05,264.6,0.38,100.55
2025-03-03,ORD-0081,South,Setúbal,Electronics,Headphones,Online,Consumer,Bruno,8,184.25,0.0,1474.0,0.17,250.58
2025-03-03,ORD-0358,East,Guarda,Electronics,Tablet,Partner,Enterprise,Marta,7,606.2,0.03,4116.1,0.25,1029.03
2025-03-03,ORD-0063,West,Aveiro,Travel,Noise Cancelling Earbuds,Online,Consumer,Ines,4,226.75,0.08,834.44,0.21,175.23
2025-03-04,ORD-0243,Central,Lisbon,Home,Air Purifier,Partner,SMB,Tiago,4,214.36,0.08,788.84,0.18,141.99
2025-03-04,ORD-0230,Central,Cascais,Home,Coffee Machine,Online,Consumer,Ines,5,159.82,0.05,759.14,0.14,106.28
2025-03-05,ORD-0257,West,Coimbra,Home,Air Purifier,Partner,SMB,Marta,8,214.49,0.0,1715.92,0.38,652.05
2025-03-08,ORD-0286,East,Guarda,Fitness,Dumbbells,Retail,SMB,Diogo,2,113.01,0.03,219.24,0.35,76.73
2025-03-08,ORD-0158,West,Leiria,Fitness,Smart Watch,Online,Consumer,Carla,2,246.38,0.08,453.34,0.33,149.6
2025-03-09,ORD-0013,Central,Lisbon,Electronics,Monitor,Partner,Enterprise,Diogo,3,333.44,0.05,950.3,0.28,266.08
2025-03-10,ORD-0152,North,Viana do Castelo,Travel,Suitcase,Retail,Enterprise,Carla,9,136.0,0.05,1162.8,0.14,162.79
2025-03-11,ORD-0048,East,Guarda,Electronics,Tablet,Online,Consumer,Marta,12,671.47,0.03,7815.91,0.14,1094.23
2025-03-12,ORD-0268,North,Porto,Fitness,Treadmill,Partner,SMB,Diogo,9,901.37,0.1,7301.1,0.34,2482.37
2025-03-12,ORD-0128,Central,Lisbon,Fitness,Treadmill,Retail,SMB,Tiago,1,881.1,0.0,881.1,0.21,185.03
2025-03-12,ORD-0332,East,Guarda,Fitness,Dumbbells,Online,Consumer,Diogo,1,118.16,0.1,106.34,0.22,23.39
2025-03-12,ORD-0262,North,Viana do Castelo,Fitness,Dumbbells,Online,SMB,Carla,1,122.41,0.08,112.62,0.34,38.29
2025-03-12,ORD-0319,Central,Sintra,Electronics,Headphones,Online,SMB,Carla,3,182.53,0.1,492.83,0.35,172.49
2025-03-12,ORD-0183,East,Castelo Branco,Travel,Noise Cancelling Earbuds,Retail,Consumer,Ines,1,236.03,0.05,224.23,0.14,31.39
2025-03-13,ORD-0115,Central,Lisbon,Travel,Suitcase,Partner,Enterprise,Ines,1,134.92,0.03,130.87,0.35,45.8
2025-03-14,ORD-0139,West,Aveiro,Travel,Backpack,Online,Enterprise,Carla,5,97.15,0.0,485.75,0.38,184.59
2025-03-14,ORD-0260,East,Évora,Home,Coffee Machine,Retail,Enterprise,Ana,1,163.23,0.0,163.23,0.37,60.4
2025-03-15,ORD-0187,North,Porto,Home,Desk Lamp,Online,SMB,Carla,1,57.53,0.08,52.93,0.18,9.53
2025-03-15,ORD-0218,North,Viana do Castelo,Travel,Backpack,Online,Consumer,Carla,4,96.82,0.03,375.66,0.2,75.13
2025-03-16,ORD-0313,North,Braga,Electronics,Monitor,Retail,SMB,Tiago,11,299.07,0.05,3125.28,0.28,875.08
2025-03-16,ORD-0188,North,Porto,Fitness,Treadmill,Retail,SMB,Tiago,11,903.5,0.1,8944.65,0.39,3488.41
2025-03-16,ORD-0351,East,Évora,Fitness,Smart Watch,Partner,Consumer,Bruno,1,274.64,0.0,274.64,0.32,87.88
2025-03-16,ORD-0082,Central,Cascais,Fitness,Smart Watch,Retail,SMB,Diogo,8,245.22,0.1,1765.58,0.18,317.8
2025-03-17,ORD-0269,North,Porto,Travel,Noise Cancelling Earbuds,Online,Consumer,Tiago,11,204.9,0.1,2028.51,0.39,791.12
2025-03-18,ORD-0207,West,Leiria,Travel,Backpack,Online,SMB,Carla,8,95.95,0.0,767.6,0.41,314.72
2025-03-18,ORD-0247,Central,Cascais,Electronics,Tablet,Retail,Consumer,Diogo,5,617.04,0.0,3085.2,0.33,1018.12
2025-03-18,ORD-0027,West,Coimbra,Electronics,Laptop,Retail,Enterprise,Bruno,2,1144.93,0.1,2060.87,0.2,412.17
2025-03-18,ORD-0084,Central,Cascais,Travel,Backpack,Retail,Enterprise,Tiago,6,95.79,0.05,546.0,0.28,152.88
2025-03-19,ORD-0167,West,Leiria,Travel,Adapter,Retail,Consumer,Ana,3,24.66,0.08,68.06,0.26,17.7
2025-03-19,ORD-0093,South,Setúbal,Travel,Suitcase,Online,SMB,Joao,10,151.04,0.05,1434.88,0.21,301.32
2025-03-20,ORD-0342,South,Faro,Electronics,Monitor,Retail,SMB,Joao,7,345.37,0.12,2127.48,0.22,468.05
2025-03-20,ORD-0212,East,Guarda,Travel,Noise Cancelling Earbuds,Online,Enterprise,Tiago,6,215.45,0.03,1253.92,0.24,300.94
2025-03-21,ORD-0281,East,Castelo Branco,Travel,Suitcase,Retail,Consumer,Ines,10,145.37,0.05,1381.01,0.19,262.39
2025-03-21,ORD-0040,West,Coimbra,Travel,Adapter,Partner,Consumer,Diogo,7,26.76,0.12,164.84,0.32,52.75
2025-03-21,ORD-0057,Central,Cascais,Travel,Noise Cancelling Earbuds,Partner,Consumer,Bruno,10,231.64,0.12,2038.43,0.19,387.3
2025-03-22,ORD-0038,West,Aveiro,Electronics,Headphones,Partner,Consumer,Ines,1,178.16,0.12,156.78,0.28,43.9
2025-03-22,ORD-0112,East,Guarda,Home,Coffee Machine,Online,Consumer,Bruno,2,149.67,0.08,275.39,0.34,93.63
2025-03-22,ORD-0123,Central,Sintra,Travel,Noise Cancelling Earbuds,Retail,Consumer,Marta,1,208.45,0.05,198.03,0.4,79.21
2025-03-23,ORD-0234,East,Évora,Travel,Backpack,Retail,SMB,Ines,7,89.13,0.05,592.71,0.29,171.89
2025-03-24,ORD-0296,West,Coimbra,Home,Desk Lamp,Retail,Enterprise,Diogo,1,51.12,0.05,48.56,0.42,20.4
2025-03-25,ORD-0008,North,Porto,Electronics,Monitor,Retail,SMB,Bruno,4,339.27,0.1,1221.37,0.21,256.49
2025-03-25,ORD-0289,South,Faro,Home,Air Purifier,Retail,Enterprise,Ana,11,201.94,0.05,2110.27,0.42,886.31
2025-03-26,ORD-0088,Central,Sintra,Fitness,Smart Watch,Partner,Consumer,Bruno,4,267.67,0.12,942.2,0.21,197.86
2025-03-26,ORD-0239,West,Leiria,Electronics,Laptop,Retail,Consumer,Diogo,8,1179.1,0.05,8961.16,0.35,3136.41
2025-03-26,ORD-0192,East,Évora,Electronics,Monitor,Partner,SMB,Diogo,1,300.45,0.12,264.4,0.21,55.52
2025-03-26,ORD-0078,West,Aveiro,Travel,Adapter,Partner,SMB,Ana,8,24.26,0.0,194.08,0.22,42.7
2025-03-27,ORD-0031,South,Beja,Fitness,Yoga Mat,Partner,SMB,Marta,9,32.83,0.0,295.47,0.4,118.19
2025-03-27,ORD-0148,South,Faro,Fitness,Dumbbells,Partner,Consumer,Tiago,12,122.53,0.08,1352.73,0.36,486.98
2025-03-27,ORD-0306,West,Leiria,Fitness,Yoga Mat,Online,Enterprise,Bruno,6,36.61,0.05,208.68,0.34,70.95
2025-03-27,ORD-0233,West,Aveiro,Home,Air Purifier,Retail,Enterprise,Diogo,8,199.17,0.05,1513.69,0.24,363.29
2025-03-28,ORD-0116,East,Castelo Branco,Home,Office Chair,Partner,Enterprise,Marta,2,290.8,0.03,564.15,0.41,231.3
2025-03-28,ORD-0125,South,Setúbal,Home,Desk Lamp,Partner,Enterprise,Bruno,9,52.31,0.1,423.71,0.35,148.3
2025-03-28,ORD-0004,North,Porto,Travel,Suitcase,Retail,SMB,Ines,1,139.09,0.12,122.4,0.16,19.58
2025-03-29,ORD-0168,Central,Lisbon,Fitness,Dumbbells,Partner,SMB,Marta,3,120.29,0.05,342.83,0.15,51.42
2025-03-29,ORD-0062,East,Évora,Fitness,Treadmill,Partner,Consumer,Bruno,4,886.53,0.12,3120.59,0.29,904.97
2025-03-30,ORD-0164,Central,Sintra,Electronics,Monitor,Online,Enterprise,Ines,3,309.9,0.12,818.14,0.28,229.08
2025-03-31,ORD-0028,North,Porto,Fitness,Dumbbells,Online,SMB,Ines,10,120.56,0.12,1060.93,0.32,339.5
2025-03-31,ORD-0126,South,Faro,Electronics,Tablet,Retail,Consumer,Carla,10,677.06,0.03,6567.48,0.32,2101.59
2025-04-01,ORD-0219,East,Guarda,Electronics,Monitor,Retail,SMB,Diogo,12,309.76,0.03,3605.61,0.37,1334.08
2025-04-01,ORD-0154,Central,Sintra,Fitness,Treadmill,Online,Enterprise,Marta,6,943.36,0.1,5094.14,0.32,1630.12
2025-04-01,ORD-0114,North,Viana do Castelo,Home,Office Chair,Partner,SMB,Diogo,2,295.47,0.05,561.39,0.23,129.12
2025-04-02,ORD-0090,East,Guarda,Home,Office Chair,Partner,SMB,Carla,3,261.14,0.03,759.92,0.38,288.77
2025-04-03,ORD-0135,East,Castelo Branco,Home,Air Purifier,Retail,Consumer,Diogo,3,195.79,0.03,569.75,0.37,210.81
2025-04-05,ORD-0282,Central,Sintra,Home,Office Chair,Online,Consumer,Marta,1,281.86,0.03,273.4,0.31,84.75
2025-04-06,ORD-0147,East,Évora,Electronics,Monitor,Online,SMB,Diogo,12,326.57,0.12,3448.58,0.35,1207.0
2025-04-06,ORD-0302,West,Aveiro,Electronics,Monitor,Retail,SMB,Carla,3,342.97,0.12,905.44,0.36,325.96
2025-04-06,ORD-0280,North,Viana do Castelo,Electronics,Tablet,Online,Enterprise,Ana,7,689.21,0.0,4824.47,0.38,1833.3
2025-04-07,ORD-0181,East,Castelo Branco,Travel,Adapter,Partner,SMB,Ines,10,23.77,0.08,218.68,0.19,41.55
2025-04-07,ORD-0005,North,Viana do Castelo,Fitness,Dumbbells,Partner,Consumer,Bruno,1,114.78,0.12,101.01,0.21,21.21
2025-04-08,ORD-0086,West,Aveiro,Home,Coffee Machine,Online,Consumer,Joao,2,149.75,0.08,275.54,0.39,107.46
2025-04-08,ORD-0200,West,Coimbra,Travel,Suitcase,Partner,Enterprise,Carla,11,131.46,0.05,1373.76,0.42,576.98
2025-04-08,ORD-0110,Central,Cascais,Fitness,Smart Watch,Partner,Enterprise,Marta,2,243.96,0.12,429.37,0.32,137.4
2025-04-10,ORD-0023,East,Guarda,Fitness,Smart Watch,Partner,Enterprise,Tiago,3,251.54,0.03,731.98,0.41,300.11
2025-04-11,ORD-0201,Central,Lisbon,Home,Desk Lamp,Online,SMB,Tiago,11,55.39,0.12,536.18,0.28,150.13
2025-04-12,ORD-0098,Central,Sintra,Electronics,Headphones,Online,SMB,Bruno,8,184.98,0.05,1405.85,0.32,449.87
2025-04-12,ORD-0331,Central,Lisbon,Electronics,Monitor,Partner,Enterprise,Ines,5,299.93,0.12,1319.69,0.14,184.76
2025-04-12,ORD-0223,North,Braga,Home,Office Chair,Partner,SMB,Joao,7,263.87,0.12,1625.44,0.42,682.68
2025-04-13,ORD-0173,North,Viana do Castelo,Home,Air Purifier,Partner,SMB,Bruno,7,208.33,0.1,1312.48,0.28,367.49
2025-04-14,ORD-0325,South,Beja,Electronics,Tablet,Online,Consumer,Ana,4,645.47,0.0,2581.88,0.4,1032.75
2025-04-14,ORD-0193,Central,Cascais,Fitness,Treadmill,Partner,SMB,Joao,10,859.55,0.03,8337.64,0.16,1334.02
2025-04-14,ORD-0079,Central,Lisbon,Travel,Noise Cancelling Earbuds,Online,Consumer,Joao,10,224.41,0.08,2064.57,0.35,722.6
2025-04-15,ORD-0338,Central,Sintra,Home,Air Purifier,Partner,Consumer,Bruno,8,214.4,0.05,1629.44,0.17,277.0
2025-04-15,ORD-0049,East,Évora,Travel,Noise Cancelling Earbuds,Online,Consumer,Marta,7,235.7,0.1,1484.91,0.13,193.04
2025-04-15,ORD-0236,West,Leiria,Fitness,Yoga Mat,Retail,Enterprise,Carla,12,36.62,0.08,404.28,0.14,56.6
2025-04-15,ORD-0072,West,Aveiro,Travel,Adapter,Online,Consumer,Ines,12,25.81,0.05,294.23,0.26,76.5
2025-04-16,ORD-0180,South,Setúbal,Travel,Suitcase,Partner,Consumer,Diogo,9,151.16,0.05,1292.42,0.26,336.03
2025-04-17,ORD-0146,South,Beja,Electronics,Monitor,Online,Enterprise,Ana,7,296.63,0.08,1910.3,0.24,458.47
2025-04-18,ORD-0170,South,Faro,Fitness,Dumbbells,Online,Consumer,Tiago,9,119.98,0.08,993.43,0.21,208.62
2025-04-18,ORD-0003,South,Setúbal,Fitness,Treadmill,Online,Enterprise,Marta,6,850.39,0.05,4847.22,0.41,1987.36
2025-04-18,ORD-0336,East,Guarda,Fitness,Dumbbells,Retail,Consumer,Tiago,1,121.6,0.12,107.01,0.4,42.8
2025-04-18,ORD-0054,East,Castelo Branco,Travel,Suitcase,Partner,Enterprise,Ana,6,143.36,0.03,834.36,0.35,292.03
2025-04-19,ORD-0002,North,Porto,Electronics,Tablet,Online,Enterprise,Ana,9,672.47,0.03,5870.66,0.33,1937.32
2025-04-19,ORD-0144,North,Braga,Home,Air Purifier,Online,Consumer,Diogo,7,219.88,0.12,1354.46,0.26,352.16
2025-04-20,ORD-0010,Central,Sintra,Fitness,Yoga Mat,Online,Enterprise,Tiago,2,37.02,0.0,74.04,0.17,12.59
2025-04-20,ORD-0340,West,Coimbra,Travel,Noise Cancelling Earbuds,Online,Consumer,Diogo,12,235.84,0.05,2688.58,0.39,1048.55
2025-04-21,ORD-0293,West,Coimbra,Electronics,Headphones,Partner,SMB,Carla,6,191.76,0.03,1116.04,0.2,223.21
2025-04-22,ORD-0231,East,Guarda,Fitness,Smart Watch,Online,SMB,Ines,4,265.2,0.12,933.5,0.3,280.05
2025-04-22,ORD-0151,West,Aveiro,Travel,Noise Cancelling Earbuds,Retail,Consumer,Tiago,12,215.33,0.08,2377.24,0.36,855.81
2025-04-23,ORD-0253,Central,Lisbon,Travel,Suitcase,Partner,Enterprise,Diogo,5,138.87,0.0,694.35,0.22,152.76
2025-04-23,ORD-0068,East,Castelo Branco,Electronics,Monitor,Retail,Consumer,Bruno,7,298.19,0.08,1920.34,0.31,595.31
2025-04-23,ORD-0131,West,Aveiro,Home,Air Purifier,Retail,SMB,Marta,7,216.01,0.05,1436.47,0.14,201.11
2025-04-24,ORD-0109,North,Porto,Fitness,Yoga Mat,Online,Consumer,Ines,10,35.48,0.12,312.22,0.33,103.03
2025-04-24,ORD-0264,North,Porto,Fitness,Treadmill,Retail,Enterprise,Carla,8,860.97,0.0,6887.76,0.15,1033.16
2025-04-24,ORD-0184,East,Évora,Travel,Backpack,Online,Enterprise,Ines,9,91.53,0.12,724.92,0.15,108.74
2025-04-24,ORD-0251,West,Leiria,Electronics,Laptop,Online,SMB,Ana,5,1207.22,0.03,5855.02,0.17,995.35
2025-04-25,ORD-0294,South,Faro,Home,Air Purifier,Retail,SMB,Tiago,1,202.6,0.0,202.6,0.16,32.42
2025-04-25,ORD-0197,North,Braga,Home,Coffee Machine,Retail,Enterprise,Ana,9,164.42,0.08,1361.4,0.21,285.89
2025-04-25,ORD-0138,South,Beja,Home,Air Purifier,Retail,Consumer,Joao,11,226.28,0.1,2240.17,0.26,582.44
2025-04-26,ORD-0288,East,Guarda,Fitness,Treadmill,Online,Consumer,Ines,12,914.88,0.12,9661.13,0.18,1739.0
2025-04-26,ORD-0017,North,Porto,Home,Desk Lamp,Retail,Consumer,Diogo,10,50.66,0.03,491.4,0.33,162.16
2025-04-26,ORD-0061,South,Setúbal,Travel,Adapter,Online,SMB,Joao,3,23.85,0.08,65.83,0.36,23.7
2025-04-26,ORD-0242,East,Castelo Branco,Fitness,Treadmill,Partner,Consumer,Ana,6,843.75,0.12,4455.0,0.36,1603.8
2025-04-27,ORD-0046,South,Setúbal,Fitness,Smart Watch,Partner,Enterprise,Marta,9,276.52,0.08,2289.59,0.34,778.46
2025-04-27,ORD-0353,East,Guarda,Travel,Noise Cancelling Earbuds,Partner,Consumer,Bruno,3,227.97,0.12,601.84,0.41,246.75
2025-04-27,ORD-0085,East,Castelo Branco,Home,Coffee Machine,Online,SMB,Ana,6,159.31,0.12,841.16,0.39,328.05
2025-04-28,ORD-0124,East,Castelo Branco,Travel,Suitcase,Online,SMB,Marta,9,137.67,0.0,1239.03,0.21,260.2
2025-04-28,ORD-0252,Central,Cascais,Travel,Suitcase,Partner,Consumer,Ines,9,140.94,0.05,1205.04,0.35,421.76
2025-04-30,ORD-0092,East,Évora,Home,Desk Lamp,Retail,SMB,Ines,11,56.67,0.08,573.5,0.26,149.11
2025-04-30,ORD-0020,North,Viana do Castelo,Electronics,Laptop,Retail,Enterprise,Joao,2,1140.79,0.03,2213.13,0.28,619.68
2025-04-30,ORD-0161,Central,Lisbon,Electronics,Laptop,Retail,SMB,Tiago,9,1251.68,0.08,10363.91,0.37,3834.65
2025-05-01,ORD-0143,West,Aveiro,Electronics,Laptop,Online,SMB,Diogo,3,1284.52,0.1,3468.2,0.3,1040.46
2025-05-02,ORD-0321,North,Porto,Fitness,Smart Watch,Online,Enterprise,Marta,1,276.21,0.08,254.11,0.22,55.9
2025-05-02,ORD-0044,Central,Lisbon,Travel,Noise Cancelling Earbuds,Partner,Enterprise,Diogo,12,215.92,0.12,2280.12,0.24,547.23
2025-05-02,ORD-0047,West,Coimbra,Home,Air Purifier,Partner,SMB,Diogo,5,195.8,0.08,900.68,0.21,189.14
2025-05-02,ORD-0327,Central,Cascais,Fitness,Dumbbells,Online,SMB,Bruno,5,117.82,0.0,589.1,0.17,100.15
2025-05-02,ORD-0130,Central,Lisbon,Electronics,Headphones,Online,SMB,Bruno,9,170.57,0.12,1350.91,0.19,256.67
2025-05-03,ORD-0211,South,Beja,Home,Coffee Machine,Online,Enterprise,Joao,5,159.14,0.08,732.04,0.31,226.93
2025-05-05,ORD-0119,Central,Sintra,Travel,Adapter,Online,Enterprise,Bruno,6,23.44,0.08,129.39,0.32,41.4
2025-05-05,ORD-0303,East,Castelo Branco,Fitness,Yoga Mat,Partner,Enterprise,Carla,7,36.31,0.05,241.46,0.21,50.71
2025-05-06,ORD-0177,Central,Sintra,Travel,Suitcase,Retail,SMB,Bruno,7,135.69,0.1,854.85,0.39,333.39
2025-05-06,ORD-0284,North,Porto,Fitness,Treadmill,Online,Consumer,Marta,12,894.02,0.05,10191.83,0.34,3465.22
2025-05-06,ORD-0343,East,Castelo Branco,Home,Coffee Machine,Online,Consumer,Diogo,12,152.61,0.03,1776.38,0.13,230.93
2025-05-07,ORD-0101,North,Porto,Home,Office Chair,Retail,SMB,Joao,11,288.8,0.12,2795.58,0.28,782.76
2025-05-08,ORD-0221,West,Aveiro,Fitness,Treadmill,Partner,Consumer,Diogo,4,955.81,0.12,3364.45,0.26,874.76
2025-05-08,ORD-0305,South,Setúbal,Electronics,Tablet,Retail,SMB,Carla,11,683.45,0.0,7517.95,0.32,2405.74
2025-05-09,ORD-0122,Central,Cascais,Fitness,Treadmill,Retail,Enterprise,Ana,7,894.2,0.0,6259.4,0.14,876.32
2025-05-09,ORD-0165,South,Beja,Home,Office Chair,Partner,Enterprise,Joao,10,294.57,0.0,2945.7,0.13,382.94
2025-05-09,ORD-0075,Central,Sintra,Travel,Suitcase,Partner,Consumer,Marta,12,142.32,0.05,1622.45,0.13,210.92
2025-05-09,ORD-0272,West,Coimbra,Travel,Suitcase,Partner,Enterprise,Carla,5,135.74,0.0,678.7,0.27,183.25
2025-05-10,ORD-0344,South,Faro,Fitness,Treadmill,Retail,Enterprise,Ines,9,835.0,0.1,6763.5,0.42,2840.67
2025-05-11,ORD-0175,West,Aveiro,Electronics,Laptop,Online,Consumer,Joao,8,1191.74,0.1,8580.53,0.3,2574.16
2025-05-11,ORD-0248,West,Coimbra,Home,Coffee Machine,Retail,Consumer,Tiago,11,164.95,0.1,1633.0,0.31,506.23
2025-05-12,ORD-0176,South,Setúbal,Fitness,Yoga Mat,Retail,Enterprise,Ines,10,35.04,0.05,332.88,0.27,89.88
2025-05-12,ORD-0256,North,Porto,Travel,Suitcase,Retail,Enterprise,Carla,12,134.39,0.03,1564.3,0.33,516.22
2025-05-13,ORD-0317,Central,Cascais,Home,Desk Lamp,Retail,Consumer,Carla,4,51.71,0.03,200.63,0.25,50.16
2025-05-14,ORD-0070,West,Coimbra,Travel,Adapter,Partner,SMB,Ines,10,23.24,0.1,209.16,0.41,85.76
2025-05-14,ORD-0348,South,Setúbal,Travel,Adapter,Online,Consumer,Tiago,4,26.73,0.12,94.09,0.22,20.7
2025-05-14,ORD-0316,West,Aveiro,Travel,Backpack,Retail,SMB,Bruno,7,87.93,0.12,541.65,0.29,157.08
2025-05-16,ORD-0016,Central,Sintra,Home,Office Chair,Partner,SMB,Marta,11,274.33,0.12,2655.51,0.39,1035.65
2025-05-16,ORD-0297,East,Évora,Home,Office Chair,Online,Consumer,Diogo,5,294.17,0.1,1323.77,0.4,529.51
2025-05-16,ORD-0014,North,Viana do Castelo,Fitness,Smart Watch,Online,Consumer,Joao,5,241.61,0.03,1171.81,0.38,445.29
2025-05-16,ORD-0341,South,Faro,Electronics,Tablet,Online,Enterprise,Joao,5,608.68,0.03,2952.1,0.27,797.07
2025-05-18,ORD-0039,South,Setúbal,Travel,Suitcase,Partner,SMB,Joao,11,144.92,0.0,1594.12,0.21,334.77
2025-05-18,ORD-0037,East,Castelo Branco,Electronics,Monitor,Online,Enterprise,Ines,1,324.94,0.0,324.94,0.22,71.49
2025-05-18,ORD-0196,South,Faro,Fitness,Smart Watch,Online,Enterprise,Diogo,12,259.54,0.1,2803.03,0.39,1093.18
2025-05-19,ORD-0311,East,Évora,Fitness,Dumbbells,Online,Consumer,Ana,7,120.95,0.1,761.99,0.27,205.74
2025-05-20,ORD-0150,West,Coimbra,Electronics,Tablet,Retail,SMB,Ana,11,626.41,0.05,6545.98,0.36,2356.55
2025-05-22,ORD-0111,South,Setúbal,Travel,Backpack,Retail,SMB,Tiago,7,98.49,0.08,634.28,0.21,133.2
2025-05-22,ORD-0029,East,Évora,Electronics,Tablet,Retail,Consumer,Bruno,12,614.17,0.1,6633.04,0.2,1326.61
2025-05-22,ORD-0140,North,Viana do Castelo,Electronics,Monitor,Online,Consumer,Ines,8,301.94,0.1,2173.97,0.25,543.49
2025-05-23,ORD-0208,Central,Lisbon,Travel,Backpack,Retail,Consumer,Joao,11,101.42,0.0,1115.62,0.37,412.78
2025-05-23,ORD-0182,East,Castelo Branco,Fitness,Dumbbells,Partner,Consumer,Tiago,6,117.1,0.08,646.39,0.4,258.56
2025-05-24,ORD-0134,West,Aveiro,Fitness,Yoga Mat,Partner,Enterprise,Bruno,11,34.57,0.12,334.64,0.23,76.97
2025-05-25,ORD-0213,South,Beja,Home,Desk Lamp,Retail,Enterprise,Marta,5,52.33,0.03,253.8,0.19,48.22
2025-05-25,ORD-0315,North,Porto,Electronics,Laptop,Partner,SMB,Marta,10,1210.29,0.03,11739.81,0.37,4343.73
2025-05-26,ORD-0118,Central,Lisbon,Electronics,Tablet,Online,Enterprise,Ana,11,626.3,0.0,6889.3,0.32,2204.58
2025-05-26,ORD-0214,South,Setúbal,Fitness,Dumbbells,Retail,Enterprise,Tiago,8,124.47,0.03,965.89,0.23,222.15
2025-05-27,ORD-0328,South,Faro,Home,Office Chair,Retail,Enterprise,Marta,9,296.34,0.0,2667.06,0.41,1093.49
2025-05-27,ORD-0359,West,Leiria,Travel,Noise Cancelling Earbuds,Retail,Consumer,Tiago,12,203.03,0.12,2144.0,0.24,514.56
2025-05-27,ORD-0334,South,Setúbal,Home,Coffee Machine,Partner,SMB,Ines,3,169.64,0.12,447.85,0.17,76.13
2025-05-27,ORD-0019,Central,Sintra,Home,Coffee Machine,Retail,Consumer,Bruno,2,158.23,0.12,278.48,0.25,69.62
2025-05-27,ORD-0278,North,Porto,Electronics,Laptop,Online,Consumer,Ana,8,1177.53,0.05,8949.23,0.17,1521.37
2025-05-28,ORD-0050,West,Coimbra,Electronics,Monitor,Retail,SMB,Marta,9,332.01,0.12,2629.52,0.36,946.63
2025-05-28,ORD-0308,South,Faro,Travel,Suitcase,Online,SMB,Ana,6,150.12,0.05,855.68,0.14,119.8
2025-05-28,ORD-0277,North,Braga,Travel,Adapter,Online,SMB,Carla,6,24.02,0.03,139.8,0.15,20.97
2025-05-29,ORD-0024,Central,Lisbon,Fitness,Treadmill,Online,Enterprise,Tiago,9,850.67,0.1,6890.43,0.41,2825.08
2025-05-29,ORD-0064,East,Guarda,Fitness,Smart Watch,Partner,Enterprise,Joao,6,258.08,0.12,1362.66,0.21,286.16
2025-05-29,ORD-0285,North,Viana do Castelo,Home,Coffee Machine,Online,Enterprise,Ana,7,171.88,0.12,1058.78,0.19,201.17
2025-05-30,ORD-0099,West,Aveiro,Fitness,Treadmill,Partner,Consumer,Tiago,1,955.33,0.1,859.8,0.29,249.34
2025-05-31,ORD-0102,South,Setúbal,Electronics,Headphones,Partner,SMB,Ines,1,176.27,0.12,155.12,0.25,38.78
2025-05-31,ORD-0185,South,Faro,Electronics,Tablet,Partner,Consumer,Ana,2,632.35,0.08,1163.52,0.26,302.52
2025-05-31,ORD-0066,Central,Cascais,Fitness,Treadmill,Online,SMB,Diogo,6,871.53,0.03,5072.3,0.33,1673.86
2025-05-31,ORD-0240,Central,Lisbon,Fitness,Treadmill,Retail,Consumer,Ines,7,844.71,0.0,5912.97,0.4,2365.19
2025-06-01,ORD-0206,South,Beja,Travel,Noise Cancelling Earbuds,Online,SMB,Marta,9,226.91,0.05,1940.08,0.24,465.62
2025-06-01,ORD-0299,North,Viana do Castelo,Fitness,Yoga Mat,Partner,Consumer,Tiago,9,33.18,0.05,283.69,0.13,36.88
2025-06-01,ORD-0120,West,Aveiro,Fitness,Treadmill,Online,SMB,Ana,1,871.4,0.03,845.26,0.18,152.15
2025-06-01,ORD-0235,Central,Lisbon,Electronics,Headphones,Partner,Consumer,Tiago,5,167.59,0.12,737.4,0.37,272.84
2025-06-02,ORD-0225,West,Coimbra,Electronics,Monitor,Retail,SMB,Diogo,6,342.59,0.1,1849.99,0.25,462.5
2025-06-02,ORD-0229,Central,Sintra,Travel,Suitcase,Retail,SMB,Marta,2,148.99,0.12,262.22,0.39,102.27
2025-06-03,ORD-0237,West,Aveiro,Travel,Noise Cancelling Earbuds,Partner,Consumer,Joao,12,223.3,0.1,2411.64,0.39,940.54
2025-06-03,ORD-0083,Central,Cascais,Home,Desk Lamp,Retail,SMB,Joao,9,57.82,0.05,494.36,0.2,98.87
2025-06-04,ORD-0133,South,Setúbal,Electronics,Tablet,Retail,SMB,Marta,3,671.72,0.1,1813.64,0.15,272.05
2025-06-05,ORD-0310,West,Leiria,Electronics,Laptop,Retail,Consumer,Diogo,7,1210.39,0.12,7456.0,0.4,2982.4
2025-06-06,ORD-0100,South,Beja,Electronics,Headphones,Partner,SMB,Marta,2,166.91,0.03,323.81,0.13,42.1
2025-06-07,ORD-0108,North,Viana do Castelo,Fitness,Smart Watch,Partner,Consumer,Ana,8,256.93,0.08,1891.0,0.15,283.65
2025-06-07,ORD-0217,West,Aveiro,Travel,Suitcase,Online,Enterprise,Marta,1,140.66,0.0,140.66,0.2,28.13
2025-06-08,ORD-0091,South,Setúbal,Home,Office Chair,Retail,Enterprise,Ines,8,287.47,0.05,2184.77,0.39,852.06
2025-06-09,ORD-0137,South,Beja,Travel,Suitcase,Retail,SMB,Diogo,8,135.18,0.1,973.3,0.34,330.92
2025-06-09,ORD-0174,Central,Lisbon,Home,Desk Lamp,Retail,SMB,Joao,9,57.24,0.05,489.4,0.18,88.09
2025-06-11,ORD-0132,East,Castelo Branco,Fitness,Treadmill,Partner,Enterprise,Marta,5,932.22,0.05,4428.05,0.32,1416.98
2025-06-11,ORD-0179,Central,Sintra,Home,Office Chair,Online,Enterprise,Bruno,4,277.36,0.0,1109.44,0.25,277.36
2025-06-11,ORD-0216,South,Faro,Home,Desk Lamp,Online,Enterprise,Tiago,6,56.04,0.0,336.24,0.32,107.6
2025-06-12,ORD-0095,South,Beja,Fitness,Yoga Mat,Partner,Consumer,Ana,5,32.39,0.08,148.99,0.23,34.27
2025-06-12,ORD-0339,North,Porto,Travel,Adapter,Online,Consumer,Carla,8,23.52,0.0,188.16,0.25,47.04
2025-06-12,ORD-0227,South,Beja,Travel,Adapter,Retail,Consumer,Bruno,1,24.78,0.05,23.54,0.35,8.24
2025-06-13,ORD-0001,North,Porto,Fitness,Yoga Mat,Online,Consumer,Bruno,11,37.2,0.12,360.1,0.15,54.02
2025-06-13,ORD-0246,East,Évora,Travel,Noise Cancelling Earbuds,Partner,Consumer,Joao,6,224.13,0.08,1237.2,0.36,445.39
2025-06-13,ORD-0160,South,Setúbal,Home,Desk Lamp,Online,Consumer,Diogo,8,53.78,0.0,430.24,0.29,124.77
2025-06-14,ORD-0330,East,Guarda,Travel,Adapter,Retail,SMB,Diogo,8,25.71,0.05,195.4,0.37,72.3
2025-06-15,ORD-0129,North,Viana do Castelo,Travel,Noise Cancelling Earbuds,Partner,Enterprise,Ana,8,225.34,0.1,1622.45,0.22,356.94
2025-06-16,ORD-0060,East,Évora,Travel,Noise Cancelling Earbuds,Retail,Enterprise,Ines,6,231.64,0.03,1348.14,0.15,202.22
2025-06-16,ORD-0055,North,Porto,Home,Office Chair,Online,Enterprise,Carla,4,278.82,0.03,1081.82,0.15,162.27
2025-06-16,ORD-0157,East,Castelo Branco,Electronics,Laptop,Partner,Consumer,Tiago,9,1279.4,0.08,10593.43,0.16,1694.95
2025-06-17,ORD-0009,West,Coimbra,Travel,Backpack,Retail,Consumer,Diogo,12,95.59,0.1,1032.37,0.34,351.01
2025-06-17,ORD-0042,East,Guarda,Travel,Noise Cancelling Earbuds,Partner,Consumer,Tiago,12,225.59,0.03,2625.87,0.21,551.43
2025-06-17,ORD-0172,West,Coimbra,Electronics,Laptop,Retail,Consumer,Ines,12,1250.66,0.05,14257.52,0.23,3279.23
2025-06-18,ORD-0244,West,Coimbra,Electronics,Tablet,Retail,Enterprise,Marta,7,671.29,0.0,4699.03,0.18,845.83
2025-06-18,ORD-0026,Central,Cascais,Fitness,Dumbbells,Online,Enterprise,Joao,4,118.0,0.05,448.4,0.32,143.49
2025-06-18,ORD-0094,West,Coimbra,Electronics,Laptop,Partner,Enterprise,Tiago,5,1220.56,0.03,5919.72,0.23,1361.54
2025-06-19,ORD-0153,East,Guarda,Travel,Noise Cancelling Earbuds,Online,Enterprise,Tiago,6,203.89,0.08,1125.47,0.38,427.68
2025-06-19,ORD-0345,North,Viana do Castelo,Electronics,Laptop,Partner,Consumer,Marta,8,1127.73,0.08,8300.09,0.2,1660.02
2025-06-19,ORD-0357,West,Leiria,Electronics,Laptop,Partner,Consumer,Tiago,8,1118.37,0.03,8678.55,0.27,2343.21
2025-06-19,ORD-0043,Central,Sintra,Electronics,Tablet,Partner,SMB,Diogo,4,600.54,0.03,2330.1,0.19,442.72
2025-06-21,ORD-0210,Central,Lisbon,Travel,Backpack,Retail,SMB,Ana,4,102.02,0.03,395.84,0.16,63.33
2025-06-22,ORD-0205,East,Castelo Branco,Fitness,Yoga Mat,Partner,Enterprise,Diogo,7,33.74,0.05,224.37,0.29,65.07
2025-06-23,ORD-0356,Central,Cascais,Home,Air Purifier,Partner,Enterprise,Bruno,7,217.62,0.12,1340.54,0.26,348.54
2025-06-24,ORD-0226,Central,Cascais,Travel,Suitcase,Partner,SMB,Diogo,12,130.64,0.0,1567.68,0.17,266.51
2025-06-24,ORD-0195,Central,Lisbon,Travel,Adapter,Online,Enterprise,Bruno,1,26.61,0.1,23.95,0.18,4.31
2025-06-24,ORD-0329,North,Braga,Home,Office Chair,Partner,Consumer,Diogo,5,293.67,0.1,1321.52,0.21,277.52
2025-06-24,ORD-0318,West,Leiria,Home,Air Purifier,Retail,Enterprise,Bruno,2,211.89,0.08,389.88,0.29,113.07
2025-06-24,ORD-0186,South,Faro,Home,Coffee Machine,Partner,SMB,Tiago,11,166.55,0.03,1777.09,0.21,373.19
2025-06-25,ORD-0073,South,Setúbal,Home,Coffee Machine,Online,Enterprise,Diogo,11,170.46,0.03,1818.81,0.37,672.96
2025-06-25,ORD-0267,West,Leiria,Electronics,Laptop,Online,Consumer,Marta,6,1164.38,0.08,6427.38,0.16,1028.38
2025-06-26,ORD-0032,South,Beja,Electronics,Monitor,Partner,Enterprise,Carla,7,296.54,0.03,2013.51,0.23,463.11
2025-06-26,ORD-0178,North,Viana do Castelo,Travel,Adapter,Partner,Enterprise,Diogo,12,25.33,0.0,303.96,0.17,51.67
2025-06-27,ORD-0283,North,Braga,Electronics,Headphones,Partner,Enterprise,Ines,2,180.86,0.03,350.87,0.19,66.67
2025-06-28,ORD-0058,East,Évora,Electronics,Laptop,Retail,Enterprise,Marta,11,1117.24,0.05,11675.16,0.31,3619.3
2025-06-28,ORD-0323,North,Porto,Home,Air Purifier,Partner,SMB,Joao,5,207.2,0.12,911.68,0.31,282.62
2025-06-29,ORD-0346,South,Faro,Electronics,Monitor,Retail,Enterprise,Bruno,11,308.22,0.1,3051.38,0.3,915.41
2025-06-29,ORD-0035,North,Braga,Electronics,Headphones,Online,Consumer,Tiago,6,189.23,0.05,1078.61,0.38,409.87
2025-06-29,ORD-0007,North,Viana do Castelo,Home,Office Chair,Online,SMB,Marta,5,288.43,0.12,1269.09,0.19,241.13
